ID,Artista,Titolo,Formato,Dischi,Anno,Etichetta,Paese,Colori speciali,Note aggiuntive
VIN-0001,A-ha,Hunting High And Low,LP,1,1985,,,,
VIN-0002,ABBA,ABBA,LP,1,1975,,,,
VIN-0003,ABBA,Gold Greatest Hits,Best Of,2,1992,,,Gold,Remastered Limited Edition
VIN-0004,ABC,UP,LP,1,1989,,UK,,
VIN-0005,Alan Parsons Project,Tales Of Mystery And Immagination Edgar Allan Poe,LP,1,1976,,,,
VIN-0006,Alan Parsons Project,I Robot,LP,1,1977,,,,
VIN-0007,Alan Parsons Project,Pyramid,LP,1,1978,,,,
VIN-0008,Alan Parsons Project,Eve,LP,1,1979,,,,
VIN-0009,Alan Parsons Project,The Turn Of A Friendly Card,LP,1,1980,,,,
VIN-0010,Alan Parsons Project,Eye In The Sky,LP,1,1981,,,,
VIN-0011,Alan Parsons Project,Ammonia Avenue,LP,1,1984,,,,
VIN-0012,Alan Parsons Project,Vulture Culture,LP,1,1984,,,,
VIN-0013,Alan Parsons Project,Stereotomy,LP,1,1985,,,,
VIN-0014,Alan Parsons Project,Gaudi,LP,1,1987,,,,
VIN-0015,Alceo Gualtelli e la sua Fisarmonica,Balla Con Me,LP,1,,,,,
VIN-0016,Alice Merton,Mint,LP,1,2019,,,Mint Green Translucent,"Box Set Autografato (Vinile, Borsa, Cartolina, Adesivi)"
VIN-0017,Alison Moyet,Alf,LP,1,1984,,NL,,
VIN-0018,Alison Moyet,Raindancing,LP,1,1987,,,,
VIN-0019,Amarcord,La Mi Terra,LP,1,1974,,,,
VIN-0020,America,History America's Greatest Hits,Best Of,1,1975,,,,
VIN-0021,Amii Stewart,Time For Fantasy,LP,1,1988,,,,
VIN-0022,Anna Oxa,Fantastica,LP,1,1988,,,,
VIN-0023,Anthony Braxton,B-X° / NO-I-47ᴬ,LP,1,1980,,,,
VIN-0024,Antonello Venditti,Sotto Il Segno Dei Pesci,LP,1,1978,,,,
VIN-0025,Arcadia,So Red The Rose,LP,1,1986,,,,
VIN-0026,Art Of Noise,In Visible Silence,LP,1,1986,,,,
VIN-0027,Art Of Noise,Below The Waste,LP,1,1989,,,,
VIN-0028,Atlantic Hazz,Kansas City,LP,1,1986,,,,
VIN-0029,Atlantic Hazz,New Orleans,LP,1,1986,,,,
VIN-0030,Autori e Interpreti Della Canzone Italiana,Rettore,Best Of,1,1982,,,,
VIN-0031,B-52's,The B-52's,LP,1,1979,,,,
VIN-0032,B-52's,Wild Planet,LP,1,1980,,,,
VIN-0033,B-52's,Mesopotamia,LP,1,1982,,,,
VIN-0034,B-52's,Cosmic Thing,LP,1,1989,,,,
VIN-0035,B-52's,Dance This Mess Around,LP,1,1990,,,,
VIN-0036,BabyMetal,Metal Resistance,LP,2,2016,,,,
VIN-0037,BabyMetal,Metal Galaxy,LP,2,2019,,,,
VIN-0038,Bananarama,Bananarama,LP,1,1984,,,,
VIN-0039,Banco del Mutuo Soccorso,Darwin,LP,1,1972,,,,
VIN-0040,Banco del Mutuo Soccorso,Banco,LP,1,1983,,,,
VIN-0041,Barbra Streisand,Guilty,LP,1,1980,,,,
VIN-0042,Barry Manilow,If I Should Love Again,LP,1,1981,,US,,
VIN-0043,Barry White,With Love Unlimited - Satin & Soul Vol.II,Best Of,2,1990,,UK,,
VIN-0044,Beach Boys,Surfin' USA,LP,1,1963,,,,
VIN-0045,Billy Joel,Greatest Hits Vol. I & Vol. II,Best Of,2,1985,,CA,,
VIN-0046,Bob Dylan,Slow Train Coming,LP,1,1979,,,,
VIN-0047,Bon Jovi,Bon Jovi,LP,1,1984,,,,
VIN-0048,Boney M.,Nightflight To Venus,LP,1,1978,,,,
VIN-0049,Boney M.,Oceans Of Fantasy,LP,1,1979,,,,
VIN-0050,Bonnie Bianco,Just Me,LP,1,1987,,DE,,
VIN-0051,Breathe,All That Jazz,LP,1,1987,,US,,
VIN-0052,Bros,Push,LP,1,1988,,NL,,
VIN-0053,Bros,The Time,LP,1,1989,,,,
VIN-0054,Brother Beyond,Get Even,LP,1,1988,,IT,,
VIN-0055,Bryan Ferry,Bète Noire,LP,1,1987,,,,
VIN-0056,Bryan Ferry,The Ultimate Collection,Best Of,1,1988,,,,
VIN-0057,Cab Calloway,That Old Black Magic,Best Of,1,,,NL,,
VIN-0058,Canzoniere Veneto,El Miracolo Roverso,LP,1,1975,,,,
VIN-0059,Caparezza,Verità Supposte,LP,2,2003,,,,Remastered 2018
VIN-0060,Caparezza,Exuvia,LP,2,2020,,,Crystal Clear,
VIN-0061,Caparezza,Orbit Orbit,LP,2,2025,,,Space Version,"Box Set Autografato (Fumetto, Sticket, CD, Vinile)"
VIN-0062,Caterina Caselli,Casco D'Oro,LP,1,1988,,,,
VIN-0063,CCCP Fedeli Alla Linea,Tommorow (Voulex-voux un rende-vous) con Amanda Lear,Maxi Single,1,1988,,,,
VIN-0064,Celi Bee,Love Drops,LP,1,1979,,,,
VIN-0065,Chapter and The Verse,Columbus - Don't Celebrate,LP,1,1993,,,,
VIN-0066,Chicago,The Feeling Of Chicago,Best Of,1,1982,,DE,,
VIN-0067,Claretta Viganò e i Brianzoli,Canti Popolari Di Lombardia,LP,1,,,IT,,
VIN-0068,Claudio Baglioni,Gira Che Ti Rigira Amore Bello,Best Of,1,1972,,,,
VIN-0069,Claudio Baglioni,Personale Di Claudio Baglioni Vol.1,LP,1,1990,,,,
VIN-0070,Claudio Bisio,Rapput,LP,1,1991,,,,
VIN-0071,Cock Robin,Cock Robin,LP,1,1985,,,,
VIN-0072,Communards,Communards,LP,1,1985,,,,
VIN-0073,Communards,"1984/1990 Greatest Hits | Jimmy Sommerville, Bronski Beat and The Communards",Best Of,1,1990,,,,
VIN-0074,Credence Clearwater Revival,Chronicle The 20 Greatest Hits,Best Of,2,1976,,,,
VIN-0075,"Crosby, Stills, Nash",Allies,LP,1,1983,,,,
VIN-0076,"Crosby, Stills, Nash",American Dream With Young,LP,1,1988,,,,
VIN-0077,Culture Club,Colour By Numbers,LP,1,1983,,,,
VIN-0078,Curiosity Killed The Cat,Keep Your Distance,LP,1,1987,,,,
VIN-0079,Curiosity Killed The Cat,First Place,LP,1,1989,,,,
VIN-0080,Curiosity Killed The Cat,Getahead,LP,1,1989,,,,
VIN-0081,Cyndi Lauper,A Night To Remember,LP,1,1989,,,,
VIN-0082,Daft Punk,Random Access Memories,LP,2,2013,,,,
VIN-0083,Daryl Hall & John Oates,H2O,LP,1,1982,,IT,,
VIN-0084,Daryl Hall & John Oates,Big Bam Boom,LP,1,1984,,,,
VIN-0085,Dave Brubeck Quartet,Time Out,LP,1,2018,,,Orange Neon,Remastered 2018
VIN-0086,Dave Valentin,Live At The Blue Note,Live,1,1988,,,,
VIN-0087,David Bowie,Tonight,LP,1,1984,,,,
VIN-0088,David Riondino,Tango Dei Miracoli con Milo Manara,LP,1,,,,,
VIN-0089,Deep Purple,Stormbringer,LP,1,1974,,,,
VIN-0090,Demi Roussos,Profeta Non Sarò,LP,1,1980,,,,Copy 1
VIN-0091,Demi Roussos,Profeta Non Sarò,LP,1,1980,,,,Copy 2
VIN-0092,Depeche Mode,Music For The Masses,LP,1,1987,,,,
VIN-0093,Dire Straits,Dire Straits,LP,1,1978,,,,
VIN-0094,Dire Straits,Communique,LP,1,1979,,,,
VIN-0095,Dire Straits,Making Movies,LP,1,1980,,,,
VIN-0096,Dire Straits,Love Over Gold,LP,1,1982,,,,
VIN-0097,Dire Straits,Extendedanceplay,Maxi Single,1,1982,,,,
VIN-0098,Dire Straits,Brothers In Arms,LP,1,1985,,,,
VIN-0099,Dire Straits,Heavy Fuel,Maxi Single,1,1991,,,,
VIN-0100,Dire Straits,On Every Street,LP,1,1991,,,,
VIN-0101,Dou3le,Dou3le,LP,1,1987,,  ,,
VIN-0102,Drupi,Drupi,LP,1,1989,,     ,,
VIN-0103,Duke Ellington,A Date With The Duke Vol.6 1945-46,Best Of,1,1974,,,,
VIN-0104,Duran Duran,Rio,LP,1,1982,,,,
VIN-0105,Duran Duran,Duran Duran,LP,1,1983,,,,
VIN-0106,Duran Duran,Seven And The Ragged Tiger,LP,1,1983,,,,
VIN-0107,Duran Duran,The Wild Boys,Maxi Single,1,1984,,,,
VIN-0108,Duran Duran,Mixing,Best Of,1,1985,,,,
VIN-0109,Duran Duran,Notorious,LP,1,1986,,,,
VIN-0110,Duran Duran,Strange Behaviour,LP,1,1986,,,Picture Disc,
VIN-0111,Duran Duran,Master Mixes,Best Of,2,1987,,,,
VIN-0112,Duran Duran,Live Italian tour,Live,1,1987,,,,
VIN-0113,Duran Duran,All She Wants Is More,LP,1,1988,,,,
VIN-0114,Duran Duran,Big Thing,LP,1,1988,,,,
VIN-0115,Earth Wind & Fire,Earth Wind & Fire The Best Of Vol.1,Best Of,1,1978,,,,
VIN-0116,Earth Wind & Fire,I Am,LP,1,1979,,,,
VIN-0117,Earth Wind & Fire,Raise!,LP,1,1981,,,,
VIN-0118,Earth Wind & Fire,Electric Universe,LP,1,1983,,,,
VIN-0119,Earth Wind & Fire,Earth Wind & Fire The Best Of Vol.2,Best Of,1,1988,,,,
VIN-0120,Edoardo Bennato,Io Che Non Sono L'imperatore,LP,1,1975,,,,
VIN-0121,Edoardo Bennato,Burattino Senza Fili,LP,1,1977,,,,
VIN-0122,Edoardo Bennato,Sono Solo Canzonette,LP,1,1980,,,,
VIN-0123,Ele A,Acqua,LP,1,2024,,, ,
VIN-0124,Ele A,Pixel,LP,1,2025,,,,
VIN-0125,Electric Light Orchestra,A New World Record,LP,1,1976,,,,
VIN-0126,Electric Light Orchestra,Balance Of Power,LP,1,1986,,,,
VIN-0127,Elio E Le Storie Tese,Elio Samaga Hukapan Kariyana Turu,LP,1,1989,,,,
VIN-0128,Elio E Le Storie Tese,Sveliatevi 1,LP,1,1990,,,,
VIN-0129,Elio E Le Storie Tese,Sveliatevi 2,LP,1,1990,,,,
VIN-0130,Elio E Le Storie Tese,The Los Sri Lanka Parakramabahu,LP,1,1990,,,,
VIN-0131,Elio E Le Storie Tese,Figatta De Blanc,LP,2,2016,,,Blue / Red,Remastered 2023 Autografato
VIN-0132,Elton John,Rag Strikes Back,LP,1,1988,,,,
VIN-0133,Elton John,The Very Best Of,Best Of,2,1990,,,,
VIN-0134,Elvis Presley,Elvis Presley,Best Of,1,1994,,,Picture Disc,
VIN-0135,Elvis Presley,Elvis,Best Of,1,2000,,,,
VIN-0136,Emerson Lake & Palmer,Emerson Lake & Palmer,LP,1,1970,,IT,,
VIN-0137,Enrico Ruggeri,Peter Pan,LP,1,1991,,IT,,
VIN-0138,Eric And The Good Good Feeling,FUNKY,LP,1,1989,,IT,,
VIN-0139,Eugenio Finardi,Il Vento Di Elora,LP,1,1989,,,,
VIN-0140,Eugenio Finardi,La Forza Dell'Amore,LP,1,1990,,,,
VIN-0141,Eurythmics,Be Yourself Tonight,LP,1,1985,,,,
VIN-0142,Eurythmics,Savage,LP,1,1987,,IT,,
VIN-0143,Eurythmics,We Too Are One,LP,1,1989,,DE,,
VIN-0144,Fabio Concato,Fabio Concato,LP,1,1985,,IT,,
VIN-0145,Fabrizio De Andrè,La Canzone Di Marinella,LP,1,1973,,,,
VIN-0146,Fabrizio De Andrè,Rimini,LP,1,1978,,,,
VIN-0147,Fabrizio De Andrè,In Concerto / Arrangiamenti PFM Firenze e Bologna Vol.1,Live,1,1979,,,,
VIN-0148,Fabrizio De Andrè,In Concerto / Arrangiamenti PFM Firenze e Bologna Vol.2,Live,1,1980,,,,
VIN-0149,Fausto Papetti Sax,18^ Raccolta,Best Of,1,1974,,,,
VIN-0150,Fine Young Cannibals,The Raw & The Cooked,LP,1,1988,,UK,,
VIN-0151,Francesco De Gregori,La Donna Cannone,LP,1,1983,,,,
VIN-0152,Francesco Guccini,Via Paolo Fabbri 43,LP,1,1976,,,,
VIN-0153,Francesco Guccini,F. Guccini e I Nomadi Album Concerto,Live,1,1979,,,,
VIN-0154,Franco Battiato,L'Arca Di Noè,LP,1,1982,,IT,,
VIN-0155,Frankie Goes To Hollywood,Relax,LP,1,1983,,,,
VIN-0156,Frankie Goes To Hollywood,Welcome To The Pleasuredome,LP,1,1985,,,,
VIN-0157,Funky Kings,Funky Kings,LP,1,1976,,,,
VIN-0158,Gazebo,Gazebo,LP,1,1983,,,,
VIN-0159,Genesis,Invisible Touch,LP,1,1986,,,,
VIN-0160,George Gershwin,Rhapsody In Blue,LP,1,,,,,
VIN-0161,Gino Paoli,Matto Come Un Gatto,LP,1,1991,,IT,,
VIN-0162,Giorgio,From Here To Eternity,LP,1,1977,,IT,,
VIN-0163,Gipsy Kings,Luna De Fuego,LP,1,1983,,,,
VIN-0164,Glenn Miller,The Best Of Glenn Miller,Best Of,1,1976,,,,
VIN-0165,Go West,Go West,LP,1,1985,,IT,,
VIN-0166,Golden Gate Quartet,Spirituals,LP,1,1970,,,,
VIN-0167,GQ,Disco Nights / Boogie Oogie Oogie,Maxi Single,1,1979,,,,
VIN-0168,Grande Storia Del Rock 2,Little Richard & Chubby Checker,Best Of,1,,,,,
VIN-0169,Grandi Del Jazz,Count Basie,Best Of,1,1979,,,,
VIN-0170,Grandi Del Jazz,Duke Ellington,Best Of,1,1979,,,,
VIN-0171,Green Day,Dookie,LP,1,1994,,,,Remastered 2008
VIN-0172,Green Day,Insomniac,LP,1,1995,,,,Remastered 2009
VIN-0173,Green Day,American Idiot,LP,2,2004,,,,
VIN-0174,Green Day,Revolution Radio,LP,1,2016,,,,
VIN-0175,Green Day,Father Of All... ( Motherf*ckers ),LP,1,2020,,,Cloudy Red,Limited Edition
VIN-0176,Green Day,Dookie,LP,1,2024,,,Raspberry,20th Anniversary
VIN-0177,Howard Jones,Human's Lib,LP,1,1984,,,,
VIN-0178,Howard Jones,Dream Into Action,LP,1,1985,,IT,,
VIN-0179,Il Rock,5 - The Band,Best Of,1,1988,,IT,,
VIN-0180,Il Rock,13 - Quicksilver Messenger Service,Best Of,1,1988,,IT,,
VIN-0181,Il Rock,15 - The Animals / Manfred Mann,Best Of,1,1988,,IT,,
VIN-0182,Il Rock,22 - Jerry Lee Lewis,Best Of,1,1989,,IT,,
VIN-0183,Il Rock,23 - Gene Vincent / Eddie Cochran,Best Of,1,1989,,IT,,
VIN-0184,Il Rock,28 - Little Richard / Chubby Checker,Best Of,1,1989,,IT,,
VIN-0185,Il Rock,33 - John Mayall / Eric Burdon,Best Of,1,1989,,IT,,
VIN-0186,Il Rock,35 - Free,Best Of,1,1989,,IT,,
VIN-0187,Il Rock,36 - Johnny Winter,LP,1,1989,,IT,,The First Album
VIN-0188,Il Rock,37 - Mike Bloomfield,Best Of,1,1989,,IT,,
VIN-0189,Il Rock,42 - The Temptations,Best Of,1,1989,,IT,,
VIN-0190,Il Rock,48 - Stax Story,Best Of,1,1989,,IT,,
VIN-0191,Il Rock,61 - Genesis,Best Of,1,1989,,IT,,
VIN-0192,Il Rock,62 - Peter Hammill,Best Of,1,1989,,IT,,
VIN-0193,Il Rock,64 - Barclay James Harvest,Best Of,1,1989,,IT,,
VIN-0194,Il Rock,47 - Bob Marley,Best Of,1,1990,,IT,,
VIN-0195,Il Rock,74 - Billy Joel,Best Of,1,1990,,IT,,
VIN-0196,Il Rock,77 - Huey Lewis / Hall & Oates,Best Of,1,1990,,IT,,
VIN-0197,Il Rock,80 - John Martin / Bruce Cockburn / Nick Drake,Best Of,1,1990,,IT,,
VIN-0198,Il Rock,85 - Tubes / Peter Frampton,Best Of,1,1990,,IT,,
VIN-0199,Il Rock,88 - Journey / Boston / Cheap Trick,Best Of,1,1990,,IT,,
VIN-0200,Il Rock,97 - Joan Armatrading,Best Of,1,1990,,IT,,
VIN-0201,Il Rock,99 - Man At Work,Best Of,1,1990,,IT,,
VIN-0202,INXS,Live Baby Live,Live,1,1991,,,,
VIN-0203,James Taylor,The Best Of James Taylor,Best Of,1,1991,,,,
VIN-0204,Jamiroquai,Traveling Without Moving,LP,2,2021,,,Yellow,25th Anniversary
VIN-0205,Jeff Buckley,Grace,LP,1,1994,,,,Remastered 2015
VIN-0206,Jellybean,Jingo,Maxi Single,1,1987,,UK,,
VIN-0207,Jerry Lee Lewis,20 Greatest Hits Vol.1,Best Of,1,1984,,,,
VIN-0208,Jethro Tull,Repeat / The Best Of Jethro Tull Vol.2,Best Of,1,1977,,,,
VIN-0209,Jimi Hendrix & Curtis Knight,Get That Feeling,LP,1,1968,,,,
VIN-0210,Joan Armatrading,Back To The Night,LP,1,1984,,UK,,
VIN-0211,Joan Jett & The Blackhearts,I Love Rock & Roll,LP,1,1981,,,,
VIN-0212,Kate Bush,Lion Heart,LP,1,1978,,,,
VIN-0213,Kate Bush,The Kick Inside,LP,1,1978,,,,
VIN-0214,KC & The Sunshine Band,Space Cadet Solo Flight,LP,1,1981,,,,
VIN-0215,Kid Creole & The Coconuts,Doppelganger,LP,1,1983,,IT,,
VIN-0216,Kim & The Cadillacs,Rock n Roll,LP,1,1978,,,,
VIN-0217,Kim Carnes,Mistaken Identity,LP,1,1981,,,,
VIN-0218,Kim Carnes,Cafè Racer,LP,1,1983,,,,
VIN-0219,Kim Wilde,Close,LP,1,1988,,,,
VIN-0220,Kool & The Gang,Phenomenal,Best Of,1,2019,,,Neon Pink,Limited Edition
VIN-0221,Laufey,Bewitched,LP,2,2024,,,Blue,Goddess Edition (4 Bonus Tracks + Board Game)
VIN-0222,Laufey,A Matter Of Time: The Final Hour,LP,2,2026,,UK,Green Multicolor Marbled,Laufey Store Exclusive
VIN-0223,Laufey ,A Matter Of Time,LP,2,2025,,DE,Baby Blue,"3AM edition (7"" bonus tracks record)"
VIN-0224,Led Zeppelin,IV,LP,1,1971,,,,
VIN-0225,Level 42,World Machine,LP,1,1985,,YU,,
VIN-0226,Level 42,Running In The Family,LP,1,1987,,IT,,
VIN-0227,Level 42,Staring At The Sun,LP,1,1988,,UK,,
VIN-0228,Level 42,Guaranteed,LP,1,1991,,DE,,
VIN-0229,Linkin Park,Meteora,LP,1,2003,,,Gold & Red Splatter Translucent,Remastered 2024
VIN-0230,Linkin Park,From Zero,LP,1,2024,,,Petrol Translucent,
VIN-0231,Little Richard,Original Hits,Best Of,1,1972,,,,
VIN-0232,Living In A Box,Gatecrashing,LP,1,1989,,,,
VIN-0233,Lizzy McAlpine,Give Me A Minute,LP,1,2020,,,Pink,5th Anniversary Edition
VIN-0234,Lou Reed,Mistral,LP,1,1986,,,,
VIN-0235,Luca Carboni,Luca Carboni,LP,1,1987,,,,
VIN-0236,Lucio Battisti,Una Donna Per Amico,LP,1,1978,,,,
VIN-0237,Lucio Dalla,Banana Republic con Francesco Guccini,LP,1,1979,,,,
VIN-0238,Lucio Dalla,Cambio,LP,1,1990,,,,
VIN-0239,Madonna,Causing A Commotion (Silver Screen Mix),Maxi Single,1,1987,,,Picture Disc,Limited Edition
VIN-0240,Madonna,Cherish Supernatural,LP,1,1989,,,,
VIN-0241,Madonna,Like A Prayer,LP,1,1989,,,Copy 1,
VIN-0242,Madonna,Like A Prayer,LP,1,1989,,,Copy 2,
VIN-0243,Madonna,Like A Prayer,Maxi Single,1,1989,,,Picture Disc,
VIN-0244,Madonna,I'm Breathless,LP,1,1990,,,,
VIN-0245,Madonna,The Immaculate Collection,LP,2,1990,,,,
VIN-0246,Madonna,Live In Tokyo,Live,1,1991,,,,
VIN-0247,Madonna,Bye Bye Baby,Maxi Single,1,1993,,,Picture Disc,
VIN-0248,Madonna,Rain,Maxi Single,1,1993,,,Picture Disc,
VIN-0249,Madonna,Interview,Interview,1,,,,Picture Disc,Limited Edition
VIN-0250,Mama's & Papa's,Il Meglio Dei Mama's & Papa's,Best Of,1,1975,,,,
VIN-0251,Man At Work,The Return,LP,1,1990,,IT,,
VIN-0252,Manattan Transfer,Extensions,LP,1,1979,,,,
VIN-0253,Matt Bianco,Matt Bianco,LP,1,1986,,,,
VIN-0254,Michael Caddidy,Nature's Secret,LP,1,1977,,,,
VIN-0255,Michael Jackson,Off The Wall,LP,1,1979,,,,
VIN-0256,Michael Jackson,Thriller,LP,1,1982,,,,
VIN-0257,Michael Jackson,Thriller,LP,1,1982,,,,Remastered 2015
VIN-0258,Michael Jackson,Bad,Maxi Single,1,1987,,,,Picture Disc
VIN-0259,Michal Basar,Moonshaft,LP,1,2020,,,Pink Marbled,
VIN-0260,Mike Oldfield,Tubular Bells,LP,1,1973,,IT,,
VIN-0261,Mike Oldfield,Discovery,LP,1,1984,,IT,,
VIN-0262,Modern Romance,Trick Of The Light,LP,1,1983,,DE,,
VIN-0263,Modern Talking,Ready For Romance,LP,1,1986,,,,
VIN-0264,Mozart,Requiem,LP,1,1972,,DE,,
VIN-0265,Nat King Cole,20 Golden Greats,Best Of,1,1978,,,,
VIN-0266,Nat King Cole,3 Records Set,Best Of,3,1980,,,,Box set
VIN-0267,Nayt,Doom,LP,1,2021,,IT,Green Translucent,2024 Reissue
VIN-0268,Nayt,Mood,LP,1,2021,,IT,Red Translucent,2024 Reissue
VIN-0269,Nayt,Io Individuo,LP,1,2026,,IT,Orange Marbled,
VIN-0270,Nick Kershaw,The Riddle,LP,1,1984,,,,
VIN-0271,Olivia Newton-John,Don't Stop Believing,LP,1,1976,,UK,,Factory Sample
VIN-0272,Orietta Berti,Più Italiane Di Me,Best Of,1,1972,,,,
VIN-0273,Original Motion Soundtrack,Fratello Sole Sorella Luna,OST,1,,,IT,,
VIN-0274,Original Motion Soundtrack,Gli Oscar,OST,1,1969,,,,
VIN-0275,Original Motion Soundtrack,Easy Rider,OST,1,1969,,,,
VIN-0276,Original Motion Soundtrack,2001 Odissea Nello Spazio,OST,1,1973,,,,
VIN-0277,Original Motion Soundtrack,American Graffity,OST,2,1974,,IT,,
VIN-0278,Original Motion Soundtrack,That's Entertainment,OST,2,1974,MGM,,,
VIN-0279,Original Motion Soundtrack,Walt Disney,OST,1,1976,,,,
VIN-0280,Original Motion Soundtrack,Saturday Night Fever,OST,2,1977,,,,Italian Issue
VIN-0281,Original Motion Soundtrack,Saturday Night Fever,OST,2,1977,,,,American Issue
VIN-0282,Original Motion Soundtrack,Grease,OST,2,1978,,,,
VIN-0283,Original Motion Soundtrack,The Blues Brothers,OST,1,1980,,,,
VIN-0284,Original Motion Soundtrack,E.T.,OST,1,1982,,,Picture Disc,
VIN-0285,Original Motion Soundtrack,Flashdance,OST,1,1983,,,,
VIN-0286,Original Motion Soundtrack,Ghostbusters,OST,1,1984,,,,
VIN-0287,Original Motion Soundtrack,Metropolis,OST,1,1984,,,,
VIN-0288,Original Motion Soundtrack,The Woman In Red,OST,1,1984,,,,
VIN-0289,Original Motion Soundtrack,Il Magico Mondo Di Walt Disney Vol.1,OST,1,1986,,,,
VIN-0290,Original Motion Soundtrack,Buster,OST,1,1988,,,,
VIN-0291,Original Motion Soundtrack,Batman,OST,1,1989,,,,
VIN-0292,Original Motion Soundtrack,Il Magico Mondo Di Walt Disney Vol.2,OST,1,1989,,,,
VIN-0293,Original Motion Soundtrack,Rain Man,OST,1,1989,,,,
VIN-0294,Original Motion Soundtrack,Days Of Thunder,OST,1,1990,,,,
VIN-0295,Original Motion Soundtrack,Dick Tracy,OST,1,1990,,,,
VIN-0296,Original Motion Soundtrack,Pretty Woman,OST,1,1990,,IT,,
VIN-0297,Original Motion Soundtrack,Jungle Fever,OST,1,1991,,DE,,
VIN-0298,Original Motion Soundtrack,The Commitments Vol.2,OST,1,1992,,,,
VIN-0299,Original Motion Soundtrack,Baby Driver,OST,2,2017,,,,
VIN-0300,Original Motion Soundtrack,Interstellar,OST,4,2020,,,,
VIN-0301,Original Motion Soundtrack,Cowboy Bebop,OST,2,2020,,,Marbled Red / Violet,
VIN-0302,Original Motion Soundtrack,Hollow Knight,OST,2,2023,,,Picture Disc,
VIN-0303,Ornella Vanoni,Questa Sera,LP,1,1973,,,,
VIN-0304,Paolo Vallesi,La Forza Della Vita,LP,1,1992,,,,
VIN-0305,Pat Boone,16 Classic Tracks,Best Of,1,1982,,,,
VIN-0306,Paul Anka,Walk A Fine Line,LP,1,1983,,IT ,,
VIN-0307,Paul Young,Paul Young,LP,1,1985,,NL,,
VIN-0308,Peter Gabriel,Peter Gabriel,LP,1,1977,,,,
VIN-0309,Peter Gabriel,Peter Gabriel,LP,1,1978,,,,
VIN-0310,Peter Gabriel,Us,LP,2,1992,,,,
VIN-0311,Phil Collins,"Hello, I Must Be Going!",LP,1,1982,,,,
VIN-0312,Phil Collins,No Jacket Required,LP,1,1985,,IT,,
VIN-0313,Pink Floyd,Meddle,LP,1,1971,,,,
VIN-0314,Pink Floyd,The Dark Side Of The Moon,LP,1,1973,,,,
VIN-0315,Pink Floyd,Whish You Where Here,LP,1,1975,,JP,,Japanese Issue
VIN-0316,Pink Floyd,Whish You Where Here,LP,1,1975,,IT,,Italian Issue With Postcard
VIN-0317,Pink Floyd,The Wall,LP,2,1979,,,,Remastered 2016
VIN-0318,Pink Floyd,The Wall,LP,2,1979,,,,
VIN-0319,Pink Floyd,A Momentary Lapse Of Reason,LP,1,1987,,,,
VIN-0320,Pink Floyd,The Division Bell,LP,1,2014,,,,20th Anniversary
VIN-0321,Pink Floyd,The Dark Side Of The Moon Live,Live,1,2023,,,,50th Anniversary
VIN-0322,Platters,18 Capolavori Originali,Best Of,1,1991,,,,
VIN-0323,Poco,Rose Of Cimarron,LP,1,1976,,,,
VIN-0324,Police,Zenyatta Mondatta,LP,1,1980,,,,
VIN-0325,Police,Synchronicity,LP,1,1983,,,,
VIN-0326,Police,Every Breath You Take The Singles,Best Of,1,1986,,,,
VIN-0327,Power Station,33 1/3,LP,1,1985,,,,
VIN-0328,Prefab Sprout,From Langley Park To Memphis,LP,1,1988,,,,
VIN-0329,Public Enemy,Apocalypse 91... The Enemy Strikes Back,LP,2,1991,,,,
VIN-0330,Queen,Greatest Hits 1,Best Of,1,1981,,,,
VIN-0331,Queen,Greatest Hits 2,Best Of,2,1991,,,,
VIN-0332,Queen,Queen's Gold,Best Of,2,1995,,,Picture Disc,
VIN-0333,R.E.M.,Green,LP,1,1988,,,,
VIN-0334,R.E.M.,Out Of Time,LP,1,1991,,,,
VIN-0335,Raoul Casadei Orchestra Spettacolo,Dalla Ca' Del Liscio e Dall'Arena Di Verona,LP,1,1975,,,,
VIN-0336,Ray Charles,Focus On Ray Charles,Best Of,2,1975,,,,
VIN-0337,Riccardo Cocciante,La Grande Avventura,LP,1,1987,,IT,,
VIN-0338,Rick Astley,Whenever You Need Somebody,LP,1,1987,,,,
VIN-0339,Rick Astley,Hold Me In Your Arms,LP,1,1988,,DE,,
VIN-0340,Rippingtons,Tourist In Paradise,LP,1,1989,,,,
VIN-0341,Rippingtons,Welocme To The St.James Club,LP,1,1990,,,,
VIN-0342,Ritchie Family,Arabian Nights,LP,1,1976,,,,
VIN-0343,Roberto Vecchioni,Samarcanda,LP,1,1977,,,,
VIN-0344,Rokko E I Suoi Fratelli,Avanzi con Avanzo e Carrie D.,LP,1,1991,,,,
VIN-0345,Rokko E I Suoi Fratelli,Sopravvoliamo,LP,1,1992,,,,
VIN-0346,Rolling Stones,Goat Head,LP,1,1973,,NL,,
VIN-0347,Rolling Stones,Black And Blue,LP,1,1976,,,,
VIN-0348,Rolling Stones,Tattoo You,LP,1,1981,,,,
VIN-0349,Roxy Music,The Atlantic Years,Best Of,1,1983,,,,
VIN-0350,Samuele Bersani,C'Hanno Preso Tutto,LP,1,1992,,,Crystal Clear,Remastered 2021 Limited Edition
VIN-0351,Samuele Bersani,Asterischi ***,LP,1,1997,,,Orange Translucent,Remastered 2022
VIN-0352,Sandro Giacobbe,Lenti A Contatto,LP,1,1978,,,,
VIN-0353,Santana,MoonFlower,LP,2,1977,,,,
VIN-0354,Santana,Zebop!,LP,2,1981,,,,
VIN-0355,Shirley Bassey,Gold Collection,Best Of,2,1979,,,,
VIN-0356,Simple Minds,Celebration,LP,1,1982,,,,
VIN-0357,Simple Minds,Life In A Day,LP,1,1984,,,,
VIN-0358,Simple Minds,Once Upon A Time,LP,1,1985,,IT,,
VIN-0359,Simple Minds,Real Life,LP,1,1991,,,,
VIN-0360,Simply Red,Holding Back The Years,LP,1,1985,,,,
VIN-0361,Simply Red,Man And Women,LP,1,1987,,IT,,
VIN-0362,Simply Red,If You Don't Know Me By Now,LP,1,1989,,,,
VIN-0363,Ska-P,Planeta Eskoria,LP,2,2020,,,,
VIN-0364,Spandau Ballet,True ,LP,1,1983,,IT,,
VIN-0365,Spandau Ballet,The Singles Collection,Best Of,2,1985,,,,
VIN-0366,Spandau Ballet,Fight For Ourselves,LP,1,1986,,,,
VIN-0367,Spandau Ballet,Through The Barricades,LP,1,1986,,,,
VIN-0368,Spandau Ballet,Heart Like A Sky,LP,1,1989,,,,
VIN-0369,Special EFX,Modern Manners,LP,1,1985,,,,Digital Master
VIN-0370,Special EFX,Double Feature,LP,1,1988,,,,Digital Master
VIN-0371,Special EFX,Confidential,LP,1,1989,,,,Digital Master
VIN-0372,Specials,More Specials,LP,1,1980,,,,
VIN-0373,Stevie Nicks,The Other Side Of The Mirror,LP,1,1989,,,,
VIN-0374,Stevie Wonder,In Square Circle,LP,1,1985,,IT,,
VIN-0375,Sugar Cubes,Deus,LP,1,1988,,,,
VIN-0376,Sugar Cubes,Planet,LP,1,1989,,,,
VIN-0377,Sugar Cubes,Stick Around For Joy,LP,1,1992,,,,
VIN-0378,Taco,Let's Face The Music,LP,1,1984,,,,
VIN-0379,Talking Heads,True Stories,LP,1,1986,,,,
VIN-0380,Tame Impala,Currents,LP,2,2015,Universal,FR,,
VIN-0381,Tanita Tikaram,Ancient Heart,LP,1,1988,,,,
VIN-0382,Tanita Tikaram,The Sweet Keeper,LP,1,1990,,,,
VIN-0383,Tears For Fears,The Seeds Of Love,LP,1,1989,,,,
VIN-0384,Terence Trent D'Arby,Introducing The Hardline According To,LP,1,1987,,,,
VIN-0385,Tesori Della Musica Classica,Vivaldi Le Quattro Stagioni,LP,1,,,,,
VIN-0386,The Belle,Stars,LP,1,1983,,UK,,
VIN-0387,The Human League,Don't You Want Me Maxi Single,Maxi Single,1,1981,,,,
VIN-0388,The Jacksons,2300 Jakson st.,LP,1,1989,,,,
VIN-0389,The Knack,But The Little Girls Understand,LP,1,1980,,,,
VIN-0390,The Snapps,Six-Seventy,Best Of,1,,,,,
VIN-0391,Tina Turner,Foreign Affair,LP,1,1989,,,,
VIN-0392,TOTO,TOTO,LP,1,1978,,,,
VIN-0393,TOTO,Isolation,LP,1,1984,,,,
VIN-0394,Tracy Chapman,Tracy Chapman,LP,1,1988,,,,
VIN-0395,Tracy Chapman,Crossroads,LP,1,1989,,,,
VIN-0396,Tracy Chapman,Matters Of The Heart,LP,1,1992,,,,
VIN-0397,Twenty One Pilots,Vessel,LP,1,2012,,,Crystal Clear,
VIN-0398,Twenty One Pilots,Blurryface,LP,2,2015,Fueled By Ramen,,Silver,25th Anniversary
VIN-0399,Twenty One Pilots,Trench,LP,2,2018,,,Azure,
VIN-0400,Twenty One Pilots,Scaled And Icy,LP,1,2021,,,,
VIN-0401,Twenty One Pilots,Clancy,LP,1,2023,,,Red Black Splatter Translucent,
VIN-0402,Twenty One Pilots,MTV Unplugged,Live,1,2023,,,Blue Transparent,
VIN-0403,Twenty One Pilots,Breach,LP,1,2025,,,Red Black Yellow Splatter,
VIN-0404,Twenty One Pilots,Breach,LP,1,2025,,US,Yellow,First Press Limited Edition N.3310/15440
VIN-0405,U2,Rattle And Hum,LP,2,1988,,,,
VIN-0406,UB40,Rat In The Kitchen,LP,1,1986,,,,
VIN-0407,Various Artists,Art Tatum / Errol Garner,Best Of,1,1972,,IT,,
VIN-0408,Various Artists,Ella & Lewis,Best Of,1,1956,,,,Remastered post 2000
VIN-0409,Various Artists,13 Perle Del Melodramma,Best Of,10,1966,,,,
VIN-0410,Various Artists,That's Soul,Best Of,1,1967,,,,
VIN-0411,Various Artists,Favourite Operatic Choruses,Best Of,2,1976,,,,
VIN-0412,Various Artists,Disco Sax Vol.1,Best Of,1,1977,,IT,,
VIN-0413,Various Artists,The Famous Spiritual + Gospel,Best Of,1,1981,,,,
VIN-0414,Various Artists,The Best 100 Oldies,Best Of,5,1984,,,,
VIN-0415,Various Artists,Mix Time 2,Best Of,1,1985,,,,
VIN-0416,Various Artists,Nashville Countr Sound,Best Of,1,1985,,,,
VIN-0417,Various Artists,Action,Best Of,1,1986,,,,
VIN-0418,Various Artists,Disco Estate '87,Best Of,1,1987,,,,
VIN-0419,Various Artists,Sixties Mix (60 original recordings),Best Of,2,1987,,,,
VIN-0420,Various Artists,Soul Classics Vol.2,Best Of,2,1988,,,,
VIN-0421,Various Artists,Soul Power 2,Best Of,2,1992,,,,
VIN-0422,Various Artists,20 Canti della montagna,Best Of,1,,,,,
VIN-0423,Waterfront,Waterfront,LP,1,1989,,UK,,
VIN-0424,Wet Wet Wet,Popped In Souled Out,LP,1,1987,,RS,,
VIN-0425,Wham,Fantastic,LP,1,1983,,,,
VIN-0426,Whitney Houston,Didn't We Almost Have It All,LP,1,1987,,,,
VIN-0427,Wolmer Beltrami E La Sua Fisarmonica,Classici Con Swing,Best Of,1,1982,,,,
VIN-0428,Yes,90125,LP,1,1983,,,,
VIN-0429,Zecchino D'Oro,16^ Edizione,Best Of,1,,,,,
VIN-0430,Zecchino D'Oro,21^ Edizione,Best Of,1,,,,,
VIN-0431,Zecchino D'Oro,22^ Edizione,Best Of,1,,,,,
VIN-0432,Zucchero,Zucchero & The Randy Jackson Band,LP,1,1985,,,,
VIN-0433,Zucchero,Oro Incenso e Birra,LP,1,1989,,,,
